{
  "fold": 5,
  "train_accuracy": 0.8976785714285714,
  "accuracy": 0.8097142857142857,
  "report": {
    "0": {
      "precision": 0.8072463768115942,
      "recall": 0.8344569288389513,
      "f1-score": 0.8206261510128914,
      "support": 1335.0
    },
    "1": {
      "precision": 0.7137931034482758,
      "recall": 0.7074504442925496,
      "f1-score": 0.7106076210092688,
      "support": 1463.0
    },
    "2": {
      "precision": 0.7485632183908046,
      "recall": 0.7545257060101376,
      "f1-score": 0.7515326361341508,
      "support": 1381.0
    },
    "3": {
      "precision": 0.8345272206303725,
      "recall": 0.8309557774607703,
      "f1-score": 0.8327376697641172,
      "support": 1402.0
    },
    "4": {
      "precision": 0.9493487698986975,
      "recall": 0.9245947850599013,
      "f1-score": 0.9368082827561585,
      "support": 1419.0
    },
    "accuracy": 0.8097142857142857,
    "macro avg": {
      "precision": 0.8106957378359491,
      "recall": 0.810396728332462,
      "f1-score": 0.8104624721353174,
      "support": 7000.0
    },
    "weighted avg": {
      "precision": 0.8104074422565772,
      "recall": 0.8097142857142857,
      "f1-score": 0.8099786568400448,
      "support": 7000.0
    }
  },
  "num_samples_train": 28000,
  "num_samples_valid": 7000,
  "use_class_weights": true,
  "early_stopping_rounds": 80
}