{
  "fold": 2,
  "train_accuracy": 0.9126857142857143,
  "accuracy": 0.8226285714285714,
  "report": {
    "0": {
      "precision": 0.8425381903642774,
      "recall": 0.8591971240263631,
      "f1-score": 0.8507861168792643,
      "support": 3338.0
    },
    "1": {
      "precision": 0.7314392924149021,
      "recall": 0.7462400875034181,
      "f1-score": 0.7387655657823498,
      "support": 3657.0
    },
    "2": {
      "precision": 0.7591283863368669,
      "recall": 0.7465971618882131,
      "f1-score": 0.7528106292889473,
      "support": 3453.0
    },
    "3": {
      "precision": 0.8305610374964759,
      "recall": 0.8402738163148887,
      "f1-score": 0.8353891960867715,
      "support": 3506.0
    },
    "4": {
      "precision": 0.9570426651081239,
      "recall": 0.9235758601240834,
      "f1-score": 0.9400114810562572,
      "support": 3546.0
    },
    "accuracy": 0.8226285714285714,
    "macro avg": {
      "precision": 0.8241419143441293,
      "recall": 0.8231768099713932,
      "f1-score": 0.823552597818718,
      "support": 17500.0
    },
    "weighted avg": {
      "precision": 0.8236660901574004,
      "recall": 0.8226285714285714,
      "f1-score": 0.823040003911399,
      "support": 17500.0
    }
  },
  "num_samples_train": 17500,
  "num_samples_valid": 17500,
  "use_class_weights": true,
  "early_stopping_rounds": 80
}