{
  "accuracy": 0.8475714285714285,
  "report": {
    "0": {
      "precision": 0.8510484454085322,
      "recall": 0.8816479400749063,
      "f1-score": 0.8660779985283297,
      "support": 1335.0
    },
    "1": {
      "precision": 0.772318339100346,
      "recall": 0.7628161312371838,
      "f1-score": 0.7675378266850069,
      "support": 1463.0
    },
    "2": {
      "precision": 0.7900072411296162,
      "recall": 0.7900072411296162,
      "f1-score": 0.7900072411296162,
      "support": 1381.0
    },
    "3": {
      "precision": 0.8658536585365854,
      "recall": 0.8602993585174625,
      "f1-score": 0.8630675723989989,
      "support": 1403.0
    },
    "4": {
      "precision": 0.9606299212598425,
      "recall": 0.9464033850493653,
      "f1-score": 0.9534635879218473,
      "support": 1418.0
    },
    "accuracy": 0.8475714285714285,
    "macro avg": {
      "precision": 0.8479715210869843,
      "recall": 0.8482348112017067,
      "f1-score": 0.8480308453327596,
      "support": 7000.0
    },
    "weighted avg": {
      "precision": 0.8477167594282117,
      "recall": 0.8475714285714285,
      "f1-score": 0.8475738771749228,
      "support": 7000.0
    }
  },
  "classes": [
    "0",
    "1",
    "2",
    "3",
    "4"
  ],
  "fs_method": "importance",
  "in_dim": 334,
  "sel_dim": 61
}