{
  "fold": 1,
  "train_accuracy": 0.9095428571428571,
  "accuracy": 0.8210857142857143,
  "report": {
    "0": {
      "precision": 0.8449984980474617,
      "recall": 0.8429727299970033,
      "f1-score": 0.843984398439844,
      "support": 3337.0
    },
    "1": {
      "precision": 0.7195945945945946,
      "recall": 0.7571780147662018,
      "f1-score": 0.7379080612924717,
      "support": 3657.0
    },
    "2": {
      "precision": 0.7691380349608198,
      "recall": 0.7390674775557486,
      "f1-score": 0.75380298331118,
      "support": 3453.0
    },
    "3": {
      "precision": 0.8333803213983648,
      "recall": 0.8428856572569148,
      "f1-score": 0.8381060391267366,
      "support": 3507.0
    },
    "4": {
      "precision": 0.948235974551764,
      "recall": 0.9247038917089678,
      "f1-score": 0.9363221016561964,
      "support": 3546.0
    },
    "accuracy": 0.8210857142857143,
    "macro avg": {
      "precision": 0.823069484710601,
      "recall": 0.8213615542569673,
      "f1-score": 0.8220247167652858,
      "support": 17500.0
    },
    "weighted avg": {
      "precision": 0.8224148918880653,
      "recall": 0.8210857142857143,
      "f1-score": 0.8215556269030955,
      "support": 17500.0
    }
  },
  "num_samples_train": 17500,
  "num_samples_valid": 17500,
  "use_class_weights": true,
  "early_stopping_rounds": 80
}