{
  "fold": 4,
  "train_accuracy": 0.895,
  "accuracy": 0.8094285714285714,
  "report": {
    "0": {
      "precision": 0.8082788671023965,
      "recall": 0.8337078651685393,
      "f1-score": 0.8207964601769911,
      "support": 1335.0
    },
    "1": {
      "precision": 0.7175893482831114,
      "recall": 0.6999316473000684,
      "f1-score": 0.7086505190311418,
      "support": 1463.0
    },
    "2": {
      "precision": 0.7536023054755043,
      "recall": 0.7574221578566256,
      "f1-score": 0.7555074033947273,
      "support": 1381.0
    },
    "3": {
      "precision": 0.8191268191268192,
      "recall": 0.8430813124108416,
      "f1-score": 0.8309314586994727,
      "support": 1402.0
    },
    "4": {
      "precision": 0.9531135531135531,
      "recall": 0.9168428470754052,
      "f1-score": 0.9346264367816092,
      "support": 1419.0
    },
    "accuracy": 0.8094285714285714,
    "macro avg": {
      "precision": 0.8103421786202768,
      "recall": 0.8101971659622962,
      "f1-score": 0.8101024556167884,
      "support": 7000.0
    },
    "weighted avg": {
      "precision": 0.8100706028950707,
      "recall": 0.8094285714285714,
      "f1-score": 0.8095822180938181,
      "support": 7000.0
    }
  },
  "num_samples_train": 28000,
  "num_samples_valid": 7000,
  "use_class_weights": true,
  "early_stopping_rounds": 80
}