{
  "fold": 3,
  "train_accuracy": 0.8946071428571428,
  "accuracy": 0.8172857142857143,
  "report": {
    "0": {
      "precision": 0.8214285714285714,
      "recall": 0.8441947565543071,
      "f1-score": 0.8326560768378278,
      "support": 1335.0
    },
    "1": {
      "precision": 0.7246080436264485,
      "recall": 0.7265892002734108,
      "f1-score": 0.7255972696245734,
      "support": 1463.0
    },
    "2": {
      "precision": 0.7572953736654804,
      "recall": 0.7704561911658219,
      "f1-score": 0.7638190954773869,
      "support": 1381.0
    },
    "3": {
      "precision": 0.83810888252149,
      "recall": 0.8339272986457591,
      "f1-score": 0.8360128617363344,
      "support": 1403.0
    },
    "4": {
      "precision": 0.9536764705882353,
      "recall": 0.9146685472496474,
      "f1-score": 0.9337652987760979,
      "support": 1418.0
    },
    "accuracy": 0.8172857142857143,
    "macro avg": {
      "precision": 0.8190234683660451,
      "recall": 0.8179671987777892,
      "f1-score": 0.8183701204904441,
      "support": 7000.0
    },
    "weighted avg": {
      "precision": 0.8186733741694905,
      "recall": 0.8172857142857143,
      "f1-score": 0.8178548682248724,
      "support": 7000.0
    }
  },
  "num_samples_train": 28000,
  "num_samples_valid": 7000,
  "use_class_weights": true,
  "early_stopping_rounds": 80
}